departement,ca
Bijouterie - Pendules,17655309.08852389
Lingerie,13256211.30655785
Maroquinerie - parapluies,6124910.19847534
Ménage,31249040.813479714
Meubles,22699066.2088004
Montres,7093183.0993793
Optique - Photos,9544396.2990224
Radio -TV,10750768.90458262
Sports - Meubles de jardin,8385440.898640966
Tapis - rideaux,14241473.203039013
