provenance,ca
Boutique,14301802.997866452
Commandes téléphoniques,14412892.89665079
Expo,14193269.01676718
Magasin,14171411.003183413
Par correspondance,13794409.99443789
Revetement de sol professionnel,13973790.3999951
Studio Photo,14110981.203734502
Studio Radio TV,13906982.509212732
Vente aux employés,13982962.301511632
Zürich,14151297.6971418
